season,estuary,disturbance,replicate,id,count,species,latin
fall,lqre,excl10,1,na,1,popa,potentilla pacifica
fall,lqre,excl10,1,1a-1l,11,juba,juncus balticus
fall,lqre,excl10,1,na,5,agsp,agrostis stolonifera
fall,lqre,excl10,2,na,1,spca,spergularia canadensis
fall,lqre,excl10,2,na,6,agsp,agrostis stolonifera
fall,lqre,excl10,2,2a-2h,8,juba,juncus balticus
fall,lqre,excl10,3,na,6,agsp,agrostis stolonifera
fall,lqre,excl10,3,3a-3h,8,juba,juncus balticus
fall,lqre,excl10,4,na,11,agsp,agrostis stolonifera
fall,lqre,excl10,4,4a-4i,9,juba,juncus balticus
fall,lqre,excl10,5,5a-5o,14,juba,juncus balticus
fall,lqre,excl10,6,na,5,agsp,agrostis stolonifera
fall,lqre,excl10,6,na,2,spca,spergularia canadensis
fall,lqre,excl10,6,6a-6h,8,juba,juncus balticus
fall,lqre,excl10,7,na,6,agsp,agrostis stolonifera
fall,lqre,excl10,7,na,1,popa,potentilla pacifica
fall,lqre,excl10,7,7a-7f,6,juba,juncus balticus
fall,lqre,excl10,8,na,8,agsp,agrostis stolonifera
fall,lqre,excl10,8,8b-8d; 8f-8g,5,juba,juncus balticus
fall,lqre,grubbed,5,na,160,elpar,eleocharis parvula
fall,lqre,grubbed,5,na,38,spca,spergularia canadensis
fall,lqre,grubbed,5,na,1,agsp,agrostis stolonifera
fall,lqre,grubbed,5,na,1,sysu,symphotrichium subspicatum
fall,lqre,grubbed,5,na,1,coco,cotula cornopifolia
fall,lqre,grubbed,5,5a,1,juba,juncus balticus
fall,lqre,grubbed,5,5b,1,isce,isolepis cernua
fall,lqre,grubbed,6,na,165,elpar,eleocharis parvula
fall,lqre,grubbed,6,na,40,spca,spergularia canadensis
fall,lqre,grubbed,6,na,4,sade,salicornia depressa
fall,lqre,grubbed,6,6a,1,juba,juncus balticus
fall,lqre,grubbed,7,na,150,elpar,eleocharis parvula
fall,lqre,grubbed,7,na,38,spca,spergularia canadensis
fall,lqre,grubbed,7,na,2,sade,salicornia depressa
fall,lqre,grubbed,7,na,1,agsp,agrostis stolonifera
fall,lqre,grubbed,7,na,1,coco,cotula cornopifolia
fall,lqre,grubbed,8,na,173,elpar,eleocharis parvula
fall,lqre,grubbed,8,na,38,spca,spergularia canadensis
fall,lqre,grubbed,8,na,5,sade,salicornia depressa
fall,lqre,grubbed,8,8a,1,juba,juncus balticus
fall,lqre,reference,8,na,1,caly,carex lyngbyei
fall,lqre,reference,8,na,5,agsp,agrostis stolonifera
fall,lqre,reference,8,na,1,spca,spergularia canadensis
fall,lqre,reference,8,8a,1,juba,juncus balticus
fall,lqre,reference,7,na,1,popa,potentilla pacifica
fall,lqre,reference,7,na,3,agsp,agrostis stolonifera
fall,lqre,reference,7,na,1,spca,spergularia canadensis
fall,lqre,reference,7,7a-7e,5,juba,juncus balticus
fall,lqre,reference,6,na,1,agsp,agrostis stolonifera
fall,lqre,reference,6,na,1,spca,spergularia canadensis
fall,lqre,reference,5,na,4,agsp,agrostis stolonifera
fall,lqre,reference,5,5a-5c,3,juba,juncus balticus
fall,lqre,reference,4,na,3,agsp,agrostis stolonifera
fall,lqre,reference,4,na,1,coco,cotula cornopifolia
fall,lqre,reference,4,4a-4b,2,juba,juncus balticus
fall,lqre,reference,4,na,1,caly,carex lyngbyei
fall,lqre,reference,3,na,2,sysu,symphotrichium subspicatum
fall,lqre,reference,3,na,1,popa,potentilla pacifica
fall,lqre,reference,3,na,5,agsp,agrostis stolonifera
fall,lqre,reference,3,3a-3d,4,juba,juncus balticus
fall,lqre,reference,2,na,1,glma,glaux maritima
fall,lqre,reference,2,na,1,spca,spergularia canadensis
fall,lqre,reference,2,na,3,agsp,agrostis stolonifera
fall,lqre,reference,2,na,1,caly,carex lyngbyei
fall,lqre,reference,1,na,3,agsp,agrostis stolonifera
fall,lqre,reference,1,na,4,spca,spergularia canadensis
fall,lqre,reference,1,1a-1b,2,juba,juncus balticus
fall,lqre,reference,1,na,1,caly,carex lyngbyei
fall,lqre,reference,1,na,1,popa,potentilla pacifica
fall,lqre,grubbed,1,na; 1c,3,agsp,agrostis stolonifera
fall,lqre,grubbed,1,1a,1,juba,juncus balticus
fall,lqre,grubbed,1,1b,1,poasp,poa sp
fall,lqre,grubbed,1,na,44,spca,spergularia canadensis
fall,lqre,grubbed,1,na,5,sade,salicornia depressa
fall,lqre,grubbed,1,na,1,popa,potentilla pacifica
fall,lqre,grubbed,1,na,1,glma,glaux maritima
fall,lqre,grubbed,1,na,225,elpar,eleocharis parvula
fall,lqre,grubbed,2,na,1,coco,cotula cornopifolia
fall,lqre,grubbed,2,na,208,elpar,eleocharis parvula
fall,lqre,grubbed,2,na,51,spca,spergularia canadensis
fall,lqre,grubbed,2,na,6,sade,salicornia depressa
fall,lqre,grubbed,3,na,48,spca,spergularia canadensis
fall,lqre,grubbed,3,na,1,coco,cotula cornopifolia
fall,lqre,grubbed,3,na,3,sade,salicornia depressa
fall,lqre,grubbed,3,na,186,elpar,eleocharis parvula
fall,lqre,grubbed,4,na,156,elpar,eleocharis parvula
fall,lqre,grubbed,4,na,42,spca,spergularia canadensis
fall,lqre,grubbed,4,na,6,sade,salicornia depressa
fall,lqre,grubbed,4,na,1,coco,cotula cornopifolia
fall,ere,grubbed,5,na,7,spca,spergularia canadensis
fall,ere,grubbed,5,na,21,sade,salicornia depressa
fall,ere,grubbed,5,na,3,glma,glaux maritima
fall,ere,grubbed,5,na,147,elpar,eleocharis parvula
fall,ere,grubbed,6,na,5,spca,spergularia canadensis
fall,ere,grubbed,6,na,23,sade,salicornia depressa
fall,ere,grubbed,6,na,134,elpar,eleocharis parvula
fall,ere,grubbed,6,na,1,glma,glaux maritima
fall,ere,grubbed,6,na,1,agsp,agrostis stolonifera
fall,ere,grubbed,7,na,2,spca,spergularia canadensis
fall,ere,grubbed,7,na,24,sade,salicornia depressa
fall,ere,grubbed,7,na,141,elpar,eleocharis parvula
fall,ere,grubbed,8,na,3,spca,spergularia canadensis
fall,ere,grubbed,8,na,24,sade,salicornia depressa
fall,ere,grubbed,8,na,129,elpar,eleocharis parvula
fall,ere,grubbed,8,8a,1,isce,isolepis cernua
fall,ere,grubbed,8,na,1,popa,potentilla pacifica
fall,ere,reference,1,na,2,agsp,agrostis stolonifera
fall,ere,reference,1,1a,1,juba,juncus balticus
fall,ere,reference,1,1b-1c,2,dece,deschampsia caespitosa
fall,ere,reference,1,1d,1,cirsp,cirsium sp
fall,ere,reference,1,na,1,popa,potentilla pacifica
fall,ere,reference,1,na,1,glma,glaux maritima
fall,ere,reference,2,2a,1,juar,juncus articulatus
fall,ere,reference,2,2b; 2d-2f,4,juba,juncus balticus
fall,ere,reference,2,2c; 2g-2h,3,dece,deschampsia caespitosa
fall,ere,reference,2,2i,1,sama,sagina maxima
fall,ere,reference,3,na,1,achmi,achillea millifolium
fall,ere,reference,3,na,1,glma,glaux maritima
fall,ere,reference,3,3a; 3c,2,juba,juncus balticus
fall,ere,reference,3,3b,1,dece,deschampsia caespitosa
fall,ere,reference,4,4a-4b,2,dece,deschampsia caespitosa
fall,ere,reference,4,4c,1,juba,juncus balticus
fall,ere,reference,5,na,2,spca,spergularia canadensis
fall,ere,reference,5,na,1,glma,glaux maritima
fall,ere,reference,5,5a,1,dece,deschampsia caespitosa
fall,ere,reference,6,6a,1,isce,isolepis cernua
fall,ere,reference,6,6b,1,juar,juncus articulatus
fall,ere,reference,6,6c,1,dece,deschampsia caespitosa
fall,ere,reference,6,6d,1,jute,juncus tenuis
fall,ere,reference,6,6e,1,juba,juncus balticus
fall,ere,reference,7,7d,1,cirsp,cirsium sp
fall,ere,reference,7,7a,1,dece,deschampsia caespitosa
fall,ere,reference,7,7b,1,caly,carex lyngbyei
fall,ere,reference,7,7c,1,juba,juncus balticus
fall,ere,reference,8,na,1,popa,potentilla pacifica
fall,ere,reference,8,na,1,agsp,agrostis stolonifera
fall,ere,reference,8,na,1,spca,spergularia canadensis
fall,ere,reference,8,8a,1,dece,deschampsia caespitosa
fall,ere,reference,8,8b; 8d,1,juba,juncus balticus
fall,ere,reference,8,8c,1,jute,juncus tenuis
fall,nre,excl1,4,4a,1,jute,juncus tenuis
fall,nre,excl1,4,na,1,caly,carex lyngbyei
fall,nre,excl1,4,na,25,spca,spergularia canadensis
fall,nre,excl1,4,na,243,elpar,eleocharis parvula
fall,nre,excl1,7,na,19,spca,spergularia canadensis
fall,nre,excl1,7,na,1,coco,cotula cornopifolia
fall,nre,excl1,7,na,210,elpar,eleocharis parvula
fall,nre,excl1,7,na,1,sade,salicornia depressa
fall,nre,excl1,8,na,15,spca,spergularia canadensis
fall,nre,excl1,8,na,227,elpar,eleocharis parvula
fall,nre,excl1,8,na,1,caly,carex lyngbyei
fall,nre,excl1,5,na,17,spca,spergularia canadensis
fall,nre,excl1,5,na,258,elpar,eleocharis parvula
fall,nre,excl1,6,na,20,spca,spergularia canadensis
fall,nre,excl1,6,na,227,elpar,eleocharis parvula
fall,nre,excl1,6,6a,1,juba,juncus balticus
fall,nre,excl1,6,6b,1,jute,juncus tenuis
fall,nre,excl1,3,na,29,spca,spergularia canadensis
fall,nre,excl1,3,na,192,elpar,eleocharis parvula
fall,nre,excl1,3,3a,1,dece,deschampsia caespitosa
fall,nre,excl1,1,na,18,spca,spergularia canadensis
fall,nre,excl1,1,na,228,elpar,eleocharis parvula
fall,nre,excl1,1,1a,1,juba,juncus balticus
fall,nre,excl1,2,na,24,spca,spergularia canadensis
fall,nre,excl1,2,na,156,elpar,eleocharis parvula
fall,nre,excl1,2,2a,1,juba,juncus balticus
fall,nre,excl1,2,2b,1,jute,juncus tenuis
fall,nre,grubbed,1,na,15,spca,spergularia canadensis
fall,nre,grubbed,1,na,1,coco,cotula cornopifolia
fall,nre,grubbed,1,1a,1,jute,juncus tenuis
fall,nre,grubbed,1,1b,1,caly,carex lyngbyei
fall,nre,grubbed,1,na,165,elpar,eleocharis parvula
fall,nre,grubbed,2,na,9,spca,spergularia canadensis
fall,nre,grubbed,2,2a-2b,2,jute,juncus tenuis
fall,nre,grubbed,2,na,156,elpar,eleocharis parvula
fall,nre,grubbed,2,na,1,glma,glaux maritima
fall,nre,grubbed,3,3a,1,jute,juncus tenuis
fall,nre,grubbed,3,3b,1,juar,juncus articulatus
fall,nre,grubbed,3,na,9,spca,spergularia canadensis
fall,nre,grubbed,3,na,173,elpar,eleocharis parvula
fall,nre,grubbed,4,4a-4c,3,jute,juncus tenuis
fall,nre,grubbed,4,na,165,elpar,eleocharis parvula
fall,nre,grubbed,4,na,7,spca,spergularia canadensis
fall,nre,grubbed,4,na,1,glma,glaux maritima
fall,nre,reference,1,na,45,elpar,eleocharis parvula
fall,nre,reference,1,na,4,agsp,agrostis stolonifera
fall,nre,reference,1,na,1,popa,potentilla pacifica
fall,nre,reference,1,na,3,spca,spergularia canadensis
fall,nre,reference,1,1a,1,juar,juncus articulatus
fall,nre,reference,1,1b,1,juba,juncus balticus
fall,nre,reference,2,2a-2b,2,juba,juncus balticus
fall,nre,reference,2,na,1,spca,spergularia canadensis
fall,nre,reference,2,na,50,elpar,eleocharis parvula
fall,nre,reference,2,2c,1,epci,epilobium ciliatum
fall,nre,reference,3,3a,1,juba,juncus balticus
fall,nre,reference,3,3b,1,jute,juncus tenuis
fall,nre,reference,3,na,57,elpar,eleocharis parvula
fall,nre,reference,4,4a-4d,4,juba,juncus balticus
fall,nre,reference,4,na,1,spca,spergularia canadensis
fall,nre,reference,4,na,60,elpar,eleocharis parvula
fall,nre,reference,5,na,1,sysu,symphotrichium subspicatum
fall,nre,reference,5,na,1,popa,potentilla pacifica
fall,nre,reference,5,na,2,spca,spergularia canadensis
fall,nre,reference,5,na,1,glma,glaux maritima
fall,nre,reference,5,na,61,elpar,eleocharis parvula
fall,nre,reference,5,5d,1,jute,juncus tenuis
fall,nre,reference,5,5a-5c,3,juba,juncus balticus
fall,nre,reference,6,na,2,agsp,agrostis stolonifera
fall,nre,reference,6,"6a, 6b, 6d",3,juba,juncus balticus
fall,nre,reference,6,6c,1,jute,juncus tenuis
fall,nre,reference,6,na,3,spca,spergularia canadensis
fall,nre,reference,6,na,55,elpar,eleocharis parvula
fall,nre,reference,7,na,1,agsp,agrostis stolonifera
fall,nre,reference,7,7a,1,juba,juncus balticus
fall,nre,reference,7,na,58,elpar,eleocharis parvula
fall,nre,reference,7,na,2,spca,spergularia canadensis
fall,nre,reference,8,na,1,spca,spergularia canadensis
fall,nre,reference,8,8a-8b,2,juba,juncus balticus
fall,nre,reference,8,8c,1,glma,glaux maritima
fall,nre,grubbed,5,na,7,spca,spergularia canadensis
fall,nre,grubbed,5,5a-5b,2,jute,juncus tenuis
fall,nre,grubbed,5,na,141,elpar,eleocharis parvula
fall,nre,grubbed,6,6a,1,jute,juncus tenuis
fall,nre,grubbed,6,na,7,spca,spergularia canadensis
fall,nre,grubbed,6,na,162,elpar,eleocharis parvula
fall,nre,grubbed,7,na,1,glma,glaux maritima
fall,nre,grubbed,7,na,13,spca,spergularia canadensis
fall,nre,grubbed,7,na,165,elpar,eleocharis parvula
fall,nre,grubbed,8,8a-8c,3,jute,juncus tenuis
fall,nre,grubbed,8,na,9,spca,spergularia canadensis
fall,nre,grubbed,8,na,156,elpar,eleocharis parvula
fall,ere,grubbed,1,na,8,spca,spergularia canadensis
fall,ere,grubbed,1,na,27,sade,salicornia depressa
fall,ere,grubbed,1,na,120,elpar,eleocharis parvula
fall,ere,grubbed,1,na,1,glma,glaux maritima
fall,ere,grubbed,2,na,8,spca,spergularia canadensis
fall,ere,grubbed,2,na,31,sade,salicornia depressa
fall,ere,grubbed,2,na,141,elpar,eleocharis parvula
fall,ere,grubbed,3,na,5,spca,spergularia canadensis
fall,ere,grubbed,3,na,18,sade,salicornia depressa
fall,ere,grubbed,3,na,156,elpar,eleocharis parvula
fall,ere,grubbed,4,4a,1,juar,juncus articulatus
fall,ere,grubbed,4,4b,1,isce,isolepis cernua
fall,ere,grubbed,4,na,129,elpar,eleocharis parvula
fall,ere,grubbed,4,na,1,glma,glaux maritima
fall,ere,grubbed,4,na,27,sade,salicornia depressa
summer,ere,grubbed,1,na,40,elpar,eleocharis parvula
summer,ere,grubbed,1,na,16,spca,spergularia canadensis
summer,ere,grubbed,1,na,1,coco,cotula cornopifolia
summer,ere,grubbed,1,na,21,sade,salicornia depressa
summer,ere,grubbed,1,na,1,glma,glaux maritima
summer,ere,grubbed,2,na,53,elpar,eleocharis parvula
summer,ere,grubbed,2,na,13,spca,spergularia canadensis
summer,ere,grubbed,2,na,22,sade,salicornia depressa
summer,ere,grubbed,3,na,44,elpar,eleocharis parvula
summer,ere,grubbed,3,na,16,spca,spergularia canadensis
summer,ere,grubbed,3,na,26,sade,salicornia depressa
summer,ere,grubbed,4,na,57,elpar,eleocharis parvula
summer,ere,grubbed,4,na,6,spca,spergularia canadensis
summer,ere,grubbed,4,na,21,sade,salicornia depressa
summer,ere,grubbed,5,na,40,elpar,eleocharis parvula
summer,ere,grubbed,5,na,12,spca,spergularia canadensis
summer,ere,grubbed,5,na,22,sade,salicornia depressa
summer,ere,grubbed,6,na,30,elpar,eleocharis parvula
summer,ere,grubbed,6,na,6,spca,spergularia canadensis
summer,ere,grubbed,6,na,22,sade,salicornia depressa
summer,ere,grubbed,7,na,34,elpar,eleocharis parvula
summer,ere,grubbed,7,na,11,spca,spergularia canadensis
summer,ere,grubbed,7,na,20,sade,salicornia depressa
summer,ere,grubbed,8,na,47,elpar,eleocharis parvula
summer,ere,grubbed,8,na,13,spca,spergularia canadensis
summer,ere,grubbed,8,na,24,sade,salicornia depressa
summer,ere,reference,1,na,3,elpar,eleocharis parvula
summer,ere,reference,1,1a,1,jute,juncus tenuis
summer,ere,reference,1,1b-1c,2,juba,juncus balticus
summer,ere,reference,3,na,1,elpar,eleocharis parvula
summer,ere,reference,3,3a-3b,2,juba,juncus balticus
summer,ere,reference,4,na,4,elpar,eleocharis parvula
summer,ere,reference,4,na,1,agsp,agrostis stolonifera
summer,ere,reference,5,na,1,spca,spergularia canadensis
summer,ere,reference,6,na,5,elpar,eleocharis parvula
summer,ere,reference,7,7a,1,juen,juncus ensifolius
summer,ere,reference,7,7b-7d,3,juba,juncus balticus
summer,ere,reference,8,na,4,elpar,eleocharis parvula
summer,ere,reference,8,na,1,spca,spergularia canadensis
summer,nre,excl1,1,na,147,elpar,eleocharis parvula
summer,nre,excl1,1,na,29,spca,spergularia canadensis
summer,nre,excl1,1,na,1,glma,glaux maritima
summer,nre,excl1,1,1a,1,jute,juncus tenuis
summer,nre,excl1,2,na,163,elpar,eleocharis parvula
summer,nre,excl1,2,na,25,spca,spergularia canadensis
summer,nre,excl1,2,2a,1,jute,juncus tenuis
summer,nre,excl1,3,na,123,elpar,eleocharis parvula
summer,nre,excl1,3,na,19,spca,spergularia canadensis
summer,nre,excl1,4,na,165,elpar,eleocharis parvula
summer,nre,excl1,4,na,39,spca,spergularia canadensis
summer,nre,excl1,4,na,1,sade,salicornia depressa
summer,nre,excl1,4,4a,1,juba,juncus balticus
summer,nre,excl1,5,na,111,elpar,eleocharis parvula
summer,nre,excl1,5,na,31,spca,spergularia canadensis
summer,nre,excl1,5,5a,1,jute,juncus tenuis
summer,nre,excl1,6,na,156,elpar,eleocharis parvula
summer,nre,excl1,6,na,34,spca,spergularia canadensis
summer,nre,excl1,6,6a-6b,2,jute,juncus tenuis
summer,nre,excl1,7,na,102,elpar,eleocharis parvula
summer,nre,excl1,7,na,31,spca,spergularia canadensis
summer,nre,excl1,7,7a,1,juba,juncus balticus
summer,nre,excl1,8,na,147,elpar,eleocharis parvula
summer,nre,excl1,8,na,26,spca,spergularia canadensis
summer,nre,excl1,8,na,1,agsp,agrostis stolonifera
summer,nre,excl1,8,8a,1,caly,carex lyngbyei
summer,nre,excl1,8,8b-8d,3,jute,juncus tenuis
summer,nre,grubbed,1,na,125,elpar,eleocharis parvula
summer,nre,grubbed,1,na,9,spca,spergularia canadensis
summer,nre,grubbed,1,1a,1,juba,juncus balticus
summer,nre,grubbed,2,na,93,elpar,eleocharis parvula
summer,nre,grubbed,2,na,8,spca,spergularia canadensis
summer,nre,grubbed,2,2a-2b,2,jute,juncus tenuis
summer,nre,grubbed,2,2c,1,juba,juncus balticus
summer,nre,grubbed,3,na,113,elpar,eleocharis parvula
summer,nre,grubbed,3,na,5,spca,spergularia canadensis
summer,nre,grubbed,3,na,1,glma,glaux maritima
summer,nre,grubbed,3,"3a, 3c",2,jute,juncus tenuis
summer,nre,grubbed,3,3b,1,juar,juncus articulatus
summer,nre,grubbed,4,4a,1,jute,juncus tenuis
summer,nre,grubbed,4,na,143,elpar,eleocharis parvula
summer,nre,grubbed,4,na,5,spca,spergularia canadensis
summer,nre,grubbed,5,5a,1,jute,juncus tenuis
summer,nre,grubbed,5,na,104,elpar,eleocharis parvula
summer,nre,grubbed,5,na,5,spca,spergularia canadensis
summer,nre,grubbed,6,na,121,elpar,eleocharis parvula
summer,nre,grubbed,6,na,5,spca,spergularia canadensis
summer,nre,grubbed,6,na,1,coco,cotula cornopifolia
summer,nre,grubbed,7,na,120,elpar,eleocharis parvula
summer,nre,grubbed,7,na,3,spca,spergularia canadensis
summer,nre,grubbed,7,7a-7c,3,jute,juncus tenuis
summer,nre,grubbed,8,na,132,elpar,eleocharis parvula
summer,nre,grubbed,8,na,5,spca,spergularia canadensis
summer,nre,reference,1,na,16,elpar,eleocharis parvula
summer,nre,reference,1,na,2,spca,spergularia canadensis
summer,nre,reference,1,1a,1,juba,juncus balticus
summer,nre,reference,2,na,5,elpar,eleocharis parvula
summer,nre,reference,2,2a,1,juar,juncus articulatus
summer,nre,reference,3,na,26,elpar,eleocharis parvula
summer,nre,reference,3,3b,1,juba,juncus balticus
summer,nre,reference,3,na,1,spca,spergularia canadensis
summer,nre,reference,4,na,16,elpar,eleocharis parvula
summer,nre,reference,4,4a,1,juba,juncus balticus
summer,nre,reference,4,4b,1,jute,juncus tenuis
summer,nre,reference,4,na,1,spca,spergularia canadensis
summer,nre,reference,5,na,1,sysu,symphotrichium subspicatum
summer,nre,reference,5,5a-5c,3,juba,juncus balticus
summer,nre,reference,5,na,3,elpar,eleocharis parvula
summer,nre,reference,5,na,1,spca,spergularia canadensis
summer,nre,reference,6,na,31,elpar,eleocharis parvula
summer,nre,reference,6,6a,1,juen,juncus ensifolius
summer,nre,reference,7,na,14,elpar,eleocharis parvula
summer,nre,reference,7,7a-7c,3,juba,juncus balticus
summer,nre,reference,8,na,24,elpar,eleocharis parvula
summer,nre,reference,8,8a,1,juba,juncus balticus
summer,nre,reference,8,na,1,spca,spergularia canadensis
summer,lqre,reference,1,na,10,agsp,agrostis stolonifera
summer,lqre,reference,1,1a,1,caly,carex lyngbyei
summer,lqre,reference,1,1b-1c,2,juba,juncus balticus
summer,lqre,reference,1,na,1,coco,cotula cornopifolia
summer,lqre,reference,1,na,1,achmi,achillea millifolium
summer,lqre,reference,2,na,3,agsp,agrostis stolonifera
summer,lqre,reference,2,na,1,coco,cotula cornopifolia
summer,lqre,reference,3,na,7,agsp,agrostis stolonifera
summer,lqre,reference,3,na,1,caly,carex lyngbyei
summer,lqre,reference,3,na,1,coco,cotula cornopifolia
summer,lqre,reference,3,na,1,spca,spergularia canadensis
summer,lqre,reference,4,na,6,agsp,agrostis stolonifera
summer,lqre,reference,4,na,2,caly,carex lyngbyei
summer,lqre,reference,4,na,1,coco,cotula cornopifolia
summer,lqre,reference,4,na,1,spca,spergularia canadensis
summer,lqre,reference,5,na,4,agsp,agrostis stolonifera
summer,lqre,reference,5,5a-5b,2,juba,juncus balticus
summer,lqre,reference,5,na,2,spca,spergularia canadensis
summer,lqre,reference,6,na,6,agsp,agrostis stolonifera
summer,lqre,reference,6,na,1,caly,carex lyngbyei
summer,lqre,reference,6,na,2,spca,spergularia canadensis
summer,lqre,reference,6,na,4,elpar,eleocharis parvula
summer,lqre,reference,7,na,6,agsp,agrostis stolonifera
summer,lqre,reference,7,na,1,coco,cotula cornopifolia
summer,lqre,reference,7,na,2,spca,spergularia canadensis
summer,lqre,reference,7,7a,1,juba,juncus balticus
summer,lqre,reference,8,na,3,agsp,agrostis stolonifera
summer,lqre,reference,8,8a,1,caly,carex lyngbyei
summer,lqre,reference,8,na,1,coco,cotula cornopifolia
summer,lqre,reference,8,na,1,spca,spergularia canadensis
summer,lqre,reference,8,8b,1,juba,juncus balticus
summer,lqre,grubbed,1,na,83,elpar,eleocharis parvula
summer,lqre,grubbed,1,na,29,spca,spergularia canadensis
summer,lqre,grubbed,1,na,1,coco,cotula cornopifolia
summer,lqre,grubbed,1,na,2,sade,salicornia depressa
summer,lqre,grubbed,2,na,68,elpar,eleocharis parvula
summer,lqre,grubbed,2,na,61,spca,spergularia canadensis
summer,lqre,grubbed,2,na,2,coco,cotula cornopifolia
summer,lqre,grubbed,2,na,1,glma,glaux maritima
summer,lqre,grubbed,3,na,65,elpar,eleocharis parvula
summer,lqre,grubbed,3,na,56,spca,spergularia canadensis
summer,lqre,grubbed,3,na,2,agsp,agrostis stolonifera
summer,lqre,grubbed,3,na,1,sade,salicornia depressa
summer,lqre,grubbed,4,na,80,elpar,eleocharis parvula
summer,lqre,grubbed,4,na,48,spca,spergularia canadensis
summer,lqre,grubbed,4,na,2,coco,cotula cornopifolia
summer,lqre,grubbed,5,na,1,agsp,agrostis stolonifera
summer,lqre,grubbed,5,na,65,elpar,eleocharis parvula
summer,lqre,grubbed,5,na,54,spca,spergularia canadensis
summer,lqre,grubbed,6,na,42,elpar,eleocharis parvula
summer,lqre,grubbed,6,na,48,spca,spergularia canadensis
summer,lqre,grubbed,5,5a,1,isce,isolepis cernua
summer,lqre,grubbed,6,6a,1,juba,juncus balticus
summer,lqre,grubbed,7,na,57,elpar,eleocharis parvula
summer,lqre,grubbed,7,na,37,spca,spergularia canadensis
summer,lqre,grubbed,7,7a-7b,2,juba,juncus balticus
summer,lqre,grubbed,7,7c,1,isce,isolepis cernua
summer,lqre,grubbed,8,na,4,elpar,eleocharis parvula
summer,lqre,grubbed,8,na,53,spca,spergularia canadensis
summer,lqre,grubbed,8,na,1,sade,salicornia depressa
summer,lqre,grubbed,8,8a-8b,2,juba,juncus balticus
summer,lqre,excl10,1,na,7,agsp,agrostis stolonifera
summer,lqre,excl10,2,na,4,agsp,agrostis stolonifera
summer,lqre,excl10,2,"2a, 2b, 2d",3,juba,juncus balticus
summer,lqre,excl10,2,2c,1,trma,triglochin maritima
summer,lqre,excl10,2,na,1,glma,glaux maritima
summer,lqre,excl10,3,na,9,agsp,agrostis stolonifera
summer,lqre,excl10,3,3a-3d,4,juba,juncus balticus
summer,lqre,excl10,4,na,5,agsp,agrostis stolonifera
summer,lqre,excl10,4,4a-4b,2,juba,juncus balticus
summer,lqre,excl10,4,4c,1,trma,triglochin maritima
summer,lqre,excl10,4,na,1,glma,glaux maritima
summer,lqre,excl10,4,na,1,coco,cotula cornopifolia
summer,lqre,excl10,5,na,1,agsp,agrostis stolonifera
summer,lqre,excl10,5,5a-5c,3,juba,juncus balticus
summer,lqre,excl10,6,na,1,agsp,agrostis stolonifera
summer,lqre,excl10,6,na,1,glma,glaux maritima
summer,lqre,excl10,6,6a-6e,5,juba,juncus balticus
summer,lqre,excl10,7,na,2,agsp,agrostis stolonifera
summer,lqre,excl10,7,7a-7e,5,juba,juncus balticus
summer,lqre,excl10,8,na,4,agsp,agrostis stolonifera
summer,lqre,excl10,8,na,1,spca,spergularia canadensis
summer,lqre,excl10,8,8a-8d,4,juba,juncus balticus
spring,lqre,reference,1,na,5,agsp,agrostis stolonifera
spring,lqre,reference,1,na,1,spca,spergularia canadensis
spring,lqre,reference,1,1a-1e,5,juba,juncus balticus
spring,lqre,reference,2,na,1,coco,cotula cornopifolia
spring,lqre,reference,2,na,1,spca,spergularia canadensis
spring,lqre,reference,2,na; 2b,2,agsp,agrostis stolonifera
spring,lqre,reference,2,2a,1,juba,juncus balticus
spring,lqre,reference,3,na,5,agsp,agrostis stolonifera
spring,lqre,reference,3,3a,1,juba,juncus balticus
spring,lqre,reference,3,na,1,coco,cotula cornopifolia
spring,lqre,reference,4,na,8,agsp,agrostis stolonifera
spring,lqre,reference,4,na,1,spca,spergularia canadensis
spring,lqre,reference,4,4a-4b,2,juba,juncus balticus
spring,lqre,reference,5,na,4,agsp,agrostis stolonifera
spring,lqre,reference,5,na,1,caly,carex lyngbyei
spring,lqre,reference,6,na,6,agsp,agrostis stolonifera
spring,lqre,reference,6,6a-6b,2,juba,juncus balticus
spring,lqre,reference,7,na,4,agsp,agrostis stolonifera
spring,lqre,reference,7,na,1,coco,cotula cornopifolia
spring,lqre,reference,7,na,1,sysu,symphotrichium subspicatum
spring,lqre,reference,8,na,2,agsp,agrostis stolonifera
spring,lqre,reference,8,na,1,coco,cotula cornopifolia
spring,lqre,reference,8,8a-8b,2,juba,juncus balticus
spring,lqre,grubbed,1,na,99,elpar,eleocharis parvula
spring,lqre,grubbed,1,na,42,spca,spergularia canadensis
spring,lqre,grubbed,1,na,2,coco,cotula cornopifolia
spring,lqre,grubbed,1,1a,1,juba,juncus balticus
spring,lqre,grubbed,2,na,60,elpar,eleocharis parvula
spring,lqre,grubbed,2,na,63,spca,spergularia canadensis
spring,lqre,grubbed,2,na,1,coco,cotula cornopifolia
spring,lqre,grubbed,3,na,57,elpar,eleocharis parvula
spring,lqre,grubbed,3,na,1,agsp,agrostis stolonifera
spring,lqre,grubbed,3,na,2,coco,cotula cornopifolia
spring,lqre,grubbed,3,na,46,spca,spergularia canadensis
spring,lqre,grubbed,3,3a,1,juba,juncus balticus
spring,lqre,grubbed,3,na,1,glma,glaux maritima
spring,lqre,grubbed,3,na,1,sade,salicornia depressa
spring,lqre,grubbed,4,na,58,elpar,eleocharis parvula
spring,lqre,grubbed,4,na,2,coco,cotula cornopifolia
spring,lqre,grubbed,4,na,43,spca,spergularia canadensis
spring,lqre,grubbed,4,na,1,agsp,agrostis stolonifera
spring,lqre,grubbed,4,na,2,sade,salicornia depressa
spring,lqre,grubbed,4,4a,1,juba,juncus balticus
spring,lqre,grubbed,5,na,51,elpar,eleocharis parvula
spring,lqre,grubbed,5,na,55,spca,spergularia canadensis
spring,lqre,grubbed,5,5a,1,juba,juncus balticus
spring,lqre,grubbed,5,na,1,agsp,agrostis stolonifera
spring,lqre,grubbed,6,na,63,elpar,eleocharis parvula
spring,lqre,grubbed,6,na,45,spca,spergularia canadensis
spring,lqre,grubbed,6,na,1,agsp,agrostis stolonifera
spring,lqre,grubbed,7,na,69,elpar,eleocharis parvula
spring,lqre,grubbed,7,na,35,spca,spergularia canadensis
spring,lqre,grubbed,7,na,1,coco,cotula cornopifolia
spring,lqre,grubbed,7,na,1,sade,salicornia depressa
spring,lqre,grubbed,7,na,1,agsp,agrostis stolonifera
spring,lqre,grubbed,7,7a,1,juba,juncus balticus
spring,lqre,grubbed,8,na,87,elpar,eleocharis parvula
spring,lqre,grubbed,8,na,45,spca,spergularia canadensis
spring,lqre,grubbed,8,na,1,coco,cotula cornopifolia
spring,lqre,grubbed,8,8a,1,isce,isolepis cernua
spring,lqre,excl10,1,na,7,agsp,agrostis stolonifera
spring,lqre,excl10,1,1a-1e,5,juba,juncus balticus
spring,lqre,excl10,1,na,2,spca,spergularia canadensis
spring,lqre,excl10,2,na,7,agsp,agrostis stolonifera
spring,lqre,excl10,2,na,1,coco,cotula cornopifolia
spring,lqre,excl10,2,2a-2d,4,juba,juncus balticus
spring,lqre,excl10,2,na,10,elpar,eleocharis parvula
spring,lqre,excl10,2,na,1,spca,spergularia canadensis
spring,lqre,excl10,3,na,6,agsp,agrostis stolonifera
spring,lqre,excl10,3,na,1,caly,carex lyngbyei
spring,lqre,excl10,3,3a-3g,7,juba,juncus balticus
spring,lqre,excl10,4,na,9,agsp,agrostis stolonifera
spring,lqre,excl10,4,na,4,spca,spergularia canadensis
spring,lqre,excl10,4,na,1,caly,carex lyngbyei
spring,lqre,excl10,4,na,2,elpar,eleocharis parvula
spring,lqre,excl10,4,4a-4e,5,juba,juncus balticus
spring,lqre,excl10,5,na,1,coco,cotula cornopifolia
spring,lqre,excl10,5,na,2,agsp,agrostis stolonifera
spring,lqre,excl10,5,na,11,elpar,eleocharis parvula
spring,lqre,excl10,5,5a-5d,4,juba,juncus balticus
spring,lqre,excl10,5,na,3,spca,spergularia canadensis
spring,lqre,excl10,6,na,8,agsp,agrostis stolonifera
spring,lqre,excl10,6,na,2,spca,spergularia canadensis
spring,lqre,excl10,6,na,12,elpar,eleocharis parvula
spring,lqre,excl10,6,6a-6e,5,juba,juncus balticus
spring,lqre,excl10,7,na,8,agsp,agrostis stolonifera
spring,lqre,excl10,7,7a-7e,5,juba,juncus balticus
spring,lqre,excl10,7,na,1,spca,spergularia canadensis
spring,lqre,excl10,8,na,4,agsp,agrostis stolonifera
spring,lqre,excl10,8,"8a-8c, 8e",4,juba,juncus balticus
spring,lqre,excl10,8,na,1,spca,spergularia canadensis
spring,nre,grubbed,1,na,62,elpar,eleocharis parvula
spring,nre,grubbed,1,na,11,spca,spergularia canadensis
spring,nre,grubbed,1,1a-1c,3,jute,juncus tenuis
spring,nre,grubbed,2,na,19,spca,spergularia canadensis
spring,nre,grubbed,2,na,84,elpar,eleocharis parvula
spring,nre,grubbed,2,2a,1,jute,juncus tenuis
spring,nre,grubbed,3,na,66,elpar,eleocharis parvula
spring,nre,grubbed,3,na,13,spca,spergularia canadensis
spring,nre,grubbed,4,na,7,spca,spergularia canadensis
spring,nre,grubbed,4,na,20,elpar,eleocharis parvula
spring,nre,grubbed,5,na,5,spca,spergularia canadensis
spring,nre,grubbed,5,na,92,elpar,eleocharis parvula
spring,nre,grubbed,5,5a,1,jute,juncus tenuis
spring,nre,grubbed,5,5b,1,juba,juncus balticus
spring,nre,grubbed,6,na,16,spca,spergularia canadensis
spring,nre,grubbed,6,na,42,elpar,eleocharis parvula
spring,nre,grubbed,7,na,8,spca,spergularia canadensis
spring,nre,grubbed,7,na,90,elpar,eleocharis parvula
spring,nre,grubbed,7,7a-7b,2,jute,juncus tenuis
spring,nre,grubbed,8,na,8,spca,spergularia canadensis
spring,nre,grubbed,8,na,85,elpar,eleocharis parvula
spring,nre,grubbed,8,8a,1,jute,juncus tenuis
spring,nre,grubbed,8,8b,1,epci,epilobium ciliatum
spring,nre,excl1,1,na,37,spca,spergularia canadensis
spring,nre,excl1,1,na,62,elpar,eleocharis parvula
spring,nre,excl1,1,1a,1,juba,juncus balticus
spring,nre,excl1,2,na,37,spca,spergularia canadensis
spring,nre,excl1,2,na,44,elpar,eleocharis parvula
spring,nre,excl1,3,na,29,spca,spergularia canadensis
spring,nre,excl1,3,na,72,elpar,eleocharis parvula
spring,nre,excl1,4,na,52,spca,spergularia canadensis
spring,nre,excl1,4,na,56,elpar,eleocharis parvula
spring,nre,excl1,5,na,34,spca,spergularia canadensis
spring,nre,excl1,5,na,66,elpar,eleocharis parvula
spring,nre,excl1,5,na,1,sade,salicornia depressa
spring,nre,excl1,5,5a,1,juba,juncus balticus
spring,nre,excl1,6,na,31,spca,spergularia canadensis
spring,nre,excl1,6,na,60,elpar,eleocharis parvula
spring,nre,excl1,7,na,48,spca,spergularia canadensis
spring,nre,excl1,7,na,36,elpar,eleocharis parvula
spring,nre,excl1,7,7a,1,jute,juncus tenuis
spring,nre,excl1,8,na,35,spca,spergularia canadensis
spring,nre,excl1,8,na,99,elpar,eleocharis parvula
spring,nre,reference,1,na,5,agsp,agrostis stolonifera
spring,nre,reference,1,na,10,elpar,eleocharis parvula
spring,nre,reference,2,na,4,agsp,agrostis stolonifera
spring,nre,reference,2,2a,1,juba,juncus balticus
spring,nre,reference,3,3a-3c,3,agsp,agrostis stolonifera
spring,nre,reference,3,3d-3e,2,juba,juncus balticus
spring,nre,reference,4,na,6,agsp,agrostis stolonifera
spring,nre,reference,4,4a-4c,3,juba,juncus balticus
spring,nre,reference,4,4d,1,isce,isolepis cernua
spring,nre,reference,4,na,1,glma,glaux maritima
spring,nre,reference,5,na,4,agsp,agrostis stolonifera
spring,nre,reference,5,na,1,coco,cotula cornopifolia
spring,nre,reference,5,5a,1,juar,juncus articulatus
spring,nre,reference,5,5b-5c,2,juba,juncus balticus
spring,nre,reference,6,na,4,agsp,agrostis stolonifera
spring,nre,reference,6,6c-6d,2,juba,juncus balticus
spring,nre,reference,6,6a,1,epgl,epilobium glaberrimum
spring,nre,reference,6,6b,1,grsp,grindelia sp
spring,nre,reference,6,na,1,spca,spergularia canadensis
spring,nre,reference,7,na,2,agsp,agrostis stolonifera
spring,nre,reference,7,na,17,elpar,eleocharis parvula
spring,nre,reference,7,na,1,coco,cotula cornopifolia
spring,nre,reference,7,7a-7b,1,jute,juncus tenuis
spring,nre,reference,7,7b,1,juar,juncus articulatus
spring,nre,reference,7,7c,1,juba,juncus balticus
spring,nre,reference,8,na,4,agsp,agrostis stolonifera
spring,nre,reference,8,"8a, 8c",2,jute,juncus tenuis
spring,nre,reference,8,"8b, 8d",2,juba,juncus balticus
spring,nre,reference,8,8e,1,juen,juncus ensifolius
spring,ere,reference,1,na,4,agsp,agrostis stolonifera
spring,ere,reference,1,na,42,elpar,eleocharis parvula
spring,ere,reference,1,na,3,sade,salicornia depressa
spring,ere,reference,1,1a,1,juen,juncus ensifolius
spring,ere,reference,1,1b-1c,2,juba,juncus balticus
spring,ere,reference,2,na,5,agsp,agrostis stolonifera
spring,ere,reference,2,na,1,sade,salicornia depressa
spring,ere,reference,2,na,46,elpar,eleocharis parvula
spring,ere,reference,2,2a,1,juba,juncus balticus
spring,ere,reference,3,na,4,agsp,agrostis stolonifera
spring,ere,reference,3,na,1,spca,spergularia canadensis
spring,ere,reference,3,na,36,elpar,eleocharis parvula
spring,ere,reference,4,na,2,agsp,agrostis stolonifera
spring,ere,reference,4,na,27,elpar,eleocharis parvula
spring,ere,reference,4,na,1,sade,salicornia depressa
spring,ere,reference,4,4a,1,juba,juncus balticus
spring,ere,reference,5,na,3,agsp,agrostis stolonifera
spring,ere,reference,5,5a,1,grsp,grindelia sp
spring,ere,reference,5,na,2,sade,salicornia depressa
spring,ere,reference,5,na,46,elpar,eleocharis parvula
spring,ere,reference,6,na,1,agsp,agrostis stolonifera
spring,ere,reference,6,6a,1,juba,juncus balticus
spring,ere,reference,6,na,62,elpar,eleocharis parvula
spring,ere,reference,7,na,4,agsp,agrostis stolonifera
spring,ere,reference,7,7a,1,atpa,atriplex patula
spring,ere,reference,7,na,1,sade,salicornia depressa
spring,ere,reference,7,na,50,elpar,eleocharis parvula
spring,ere,reference,7,7b,1,juba,juncus balticus
spring,ere,reference,8,na,3,agsp,agrostis stolonifera
spring,ere,reference,8,na,3,sade,salicornia depressa
spring,ere,reference,8,na,58,elpar,eleocharis parvula
spring,ere,grubbed,1,1a,1,poasp,poa sp
spring,ere,grubbed,1,na,7,spca,spergularia canadensis
spring,ere,grubbed,1,na,19,sade,salicornia depressa
spring,ere,grubbed,1,na,54,elpar,eleocharis parvula
spring,ere,grubbed,2,na,10,spca,spergularia canadensis
spring,ere,grubbed,2,na,21,sade,salicornia depressa
spring,ere,grubbed,2,na,37,elpar,eleocharis parvula
spring,ere,grubbed,3,na,12,spca,spergularia canadensis
spring,ere,grubbed,3,na,23,sade,salicornia depressa
spring,ere,grubbed,3,na,38,elpar,eleocharis parvula
spring,ere,grubbed,4,na,5,spca,spergularia canadensis
spring,ere,grubbed,4,na,21,sade,salicornia depressa
spring,ere,grubbed,4,na,29,elpar,eleocharis parvula
spring,ere,grubbed,4,4a,1,juba,juncus balticus
spring,ere,grubbed,4,4b,1,atpa,atriplex patula
spring,ere,grubbed,5,na,5,spca,spergularia canadensis
spring,ere,grubbed,5,na,28,sade,salicornia depressa
spring,ere,grubbed,5,na,33,elpar,eleocharis parvula
spring,ere,grubbed,5,na,1,atpa,atriplex patula
spring,ere,grubbed,6,na,3,spca,spergularia canadensis
spring,ere,grubbed,6,na,14,sade,salicornia depressa
spring,ere,grubbed,6,na,74,elpar,eleocharis parvula
spring,ere,grubbed,7,na,8,spca,spergularia canadensis
spring,ere,grubbed,7,na,26,sade,salicornia depressa
spring,ere,grubbed,7,na,19,elpar,eleocharis parvula
spring,ere,grubbed,8,na,1,coco,cotula cornopifolia
spring,ere,grubbed,8,na,20,spca,spergularia canadensis
spring,ere,grubbed,8,na,15,sade,salicornia depressa
spring,ere,grubbed,8,na,37,elpar,eleocharis parvula
